name,address,email
May Christiansen I,"713 Augustus Falls Apt. 819
Kameronton, AR 64588-1881",wilkinson.greg@brekke.net
Rafael Homenick,"88769 Volkman Spring
Daughertyville, NC 96460",qcollier@friesen.com
Dr. Merl Crist DDS,"260 Brendan Island Apt. 489
East Arnaldo, FL 80528",alf18@torp.com
Maida Kilback,"3662 Berniece Land
Lake Nyahland, KY 33817-8559",randy35@hotmail.com
Isobel Bode,"8814 Fernando Stream Suite 871
North Francesco, ND 09228-3353",julio.kris@pacocha.biz
Brenden Feeney,"59609 Hansen Station
Schillerport, NE 21040",michaela18@gmail.com
Zita Green Sr.,"942 Emely Stream
Greenholtberg, MT 32187-2843",hirthe.hershel@prosacco.info
Serenity Luettgen,"522 Borer Via Apt. 125
East Timothy, TX 76949-4159",pascale83@hotmail.com
Kathlyn Schoen,"275 Cruickshank Hills
East Isobelchester, NM 37309",kschamberger@gmail.com
Millie Schumm,"3618 Fay Drives Apt. 085
North Stan, NM 35718-9226",farrell.chadrick@price.net
Evan Rolfson DVM,"125 Wisoky Estate Apt. 250
East Edna, MN 72195-4927",turcotte.nathaniel@ankunding.net
Xzavier Ondricka,"367 Hills Greens
New Jovanfort, AL 60735-8161",mohammad08@hotmail.com
Bernadette DuBuque Jr.,"204 Gibson Corner Apt. 046
Rhetthaven, ID 51391",lgutmann@willms.com
Rudy Mueller,"5545 Georgiana Cove
Lake Maeganmouth, NJ 08688",smarvin@hotmail.com
Ms. Nannie Corwin IV,"64105 Raoul Heights
Hackettside, MD 99667-7218",kareem13@gmail.com
Mr. Keven Bosco PhD,"7500 Mikayla Union
East Jadenberg, WY 83545-0196",stiedemann.yasmin@goldner.info
Davon Gorczany,"73019 Hyatt Groves Apt. 631
Lake Lukasmouth, WY 93339",savanna.kuhic@gmail.com
Freda Hermann,"108 Schamberger Highway Apt. 700
Donton, IN 69020-8651",krajcik.jovani@yahoo.com
Reyna Stoltenberg,"828 Kianna Fort
Colliertown, RI 85440",remington43@gmail.com
Mr. Deion Kub,"911 Tiara Court Apt. 295
Gutkowskistad, LA 66945",bobbie77@hotmail.com
Camryn Paucek,"99939 Jeffry Mission
Lake Sydniebury, TX 79570-6475",demarcus.brakus@marquardt.net
Alexane Stiedemann Jr.,"658 Lebsack Plain Apt. 490
South Laurelstad, TN 36303-8831",roger.mayert@gmail.com
Jacky Crooks,"9684 Trantow Canyon
Considinefurt, NY 51755-2806",amelia07@yahoo.com
Jena Greenfelder,"8267 Upton Plaza Apt. 429
New Trisha, SC 74654",hschumm@grady.biz
Miss Adrianna Homenick IV,"64045 Citlalli Prairie Suite 871
Port Elwinburgh, ME 68616",vyundt@rogahn.com
Norene Denesik III,"80020 Terry Rest
Bodeborough, MS 65750",jayda78@gmail.com
Prof. Bernardo Frami,"945 Lavern Mount Suite 279
Port Ceceliaberg, VA 42063",ulises00@greenfelder.org
